,in_degree,out_degree,betweenness,closeness,eigenvector,is_likely_promo
squeakyllama.bsky.social,69,3,0.9791499599037691,0.8446601941747572,0.6834587900621708,False
prdnme.bsky.social,7,1,0.08914728682170542,0.6170212765957447,0.20627471938906952,False
ebcollis.bsky.social,4,2,0.0900828655439722,0.48467966573816157,0.09269504352902648,False
silentbrouhaha.bsky.social,4,1,0.0681635926222935,0.47802197802197804,0.10236266636485042,False
polly-o.bsky.social,4,4,0.04570970328789094,0.6744186046511628,0.2706207624103093,False
sdzdc.bsky.social,2,5,0.012429831595829992,0.47454545454545455,0.12470855071409714,False
philcox99.bsky.social,2,2,0.0,0.47197106690777574,0.1097985735336573,False
tummy-aches.bsky.social,1,1,0.022988505747126436,0.46524064171123,0.0717299429041669,False
rekati.bsky.social,1,1,0.022988505747126436,0.46524064171123,0.07172994290416716,False
lab-reports.bsky.social,1,1,0.010959636460839348,0.46524064171123,0.0730887757258602,False
xraynaqueen.bsky.social,1,2,0.02392408446939321,0.39101123595505616,0.022680208473206304,False
ccdude8.bsky.social,1,1,0.021518310612135792,0.46774193548387094,0.07197706799302252,False
thatsparkles.bsky.social,1,1,0.022988505747126436,0.46524064171123,0.07172994290416713,False
ladyfoxglove93.bsky.social,1,1,0.0,0.46690518783542034,0.0839040530974152,False
bertjim.bsky.social,1,2,0.0,0.4793388429752066,0.09020401919422086,False
shadyboots81.bsky.social,1,1,0.022988505747126436,0.3301707779886148,0.009728472698743725,False
nikkipearl.bsky.social,1,1,0.022988505747126436,0.46524064171123,0.07172994290416718,False
aoife-rose.bsky.social,1,1,0.0,0.5958904109589042,0.14191358575858834,False
ratchetology.bsky.social,1,1,0.0005346164127238706,0.32645403377110693,0.009827332471824962,False
mattaiwarrior.bsky.social,1,1,0.0,0.46690518783542034,0.0839040530974152,False
victoriangothic.bsky.social,1,1,0.0,0.3782608695652174,0.015397337919678789,False
livesantacruz.bsky.social,1,2,0.022988505747126436,0.46524064171123,0.07415390068899802,False
vanlighet.bsky.social,0,1,0.0,0.4603174603174603,0.07095679287929417,False
jimmycraig42.bsky.social,0,1,0.0,0.4603174603174603,0.07095679287929417,False
godeep.bsky.social,0,1,0.0,0.4603174603174603,0.07095679287929417,False
gothicfirekitteh.bsky.social,0,1,0.0,0.4603174603174603,0.07095679287929417,False
flowers36.bsky.social,0,1,0.0,0.3246268656716418,0.010627307193111543,False
akoltchak.bsky.social,0,1,0.0,0.4603174603174603,0.07095679287929417,False
clio2.bsky.social,0,1,0.0,0.31868131868131866,0.007447013303364764,False
desertdweller760.bsky.social,0,1,0.0,0.4603174603174603,0.07095679287929417,False
jenejareth.bsky.social,0,1,0.0,0.4603174603174603,0.07095679287929417,False
captaindunsel.bsky.social,0,1,0.0,0.4603174603174603,0.07095679287929417,False
dr-ohm.bsky.social,0,1,0.0,0.4603174603174603,0.07095679287929417,False
goodknight70.bsky.social,0,1,0.0,0.4603174603174603,0.07095679287929417,False
michaelraywilliams.bsky.social,0,1,0.0,0.31868131868131866,0.007447013303364832,False
ladymidath.bsky.social,0,1,0.0,0.24892703862660945,0.0010100114774352215,False
roguetime.bsky.social,0,1,0.0,0.31868131868131866,0.007447013303364516,False
boondockingintheus.bsky.social,0,1,0.0,0.4603174603174603,0.07095679287929417,False
lisann57.bsky.social,0,1,0.0,0.4603174603174603,0.07095679287929417,False
gabnat.bsky.social,0,1,0.0,0.4603174603174603,0.07095679287929417,False
jazzrat2000.bsky.social,0,1,0.0,0.4603174603174603,0.07095679287929417,False
auntiemamelives.bsky.social,0,1,0.0,0.4603174603174603,0.07095679287929417,False
mslonib.bsky.social,0,1,0.0,0.4603174603174603,0.07095679287929417,False
imajerk.bsky.social,0,1,0.0,0.4603174603174603,0.07095679287929417,False
tydyethefly.blacksky.app,0,1,0.0,0.3832599118942731,0.021415471938832482,False
agreaternotion.bsky.social,0,1,0.0,0.4603174603174603,0.07095679287929417,False
leohorishny.bsky.social,0,1,0.0,0.4603174603174603,0.07095679287929417,False
gypitneep.bsky.social,0,1,0.0,0.4603174603174603,0.07095679287929417,False
someothercow.bsky.social,0,1,0.0,0.4603174603174603,0.07095679287929417,False
lohaddotcom.bsky.social,0,1,0.0,0.4603174603174603,0.07095679287929417,False
nsparks.bsky.social,0,1,0.0,0.4603174603174603,0.07095679287929417,False
gw161irish.bsky.social,0,2,0.0,0.46648793565683644,0.09237226481812658,False
uneasywriter.bsky.social,0,1,0.0,0.40465116279069774,0.028095887661987888,False
beckalecka.bsky.social,0,4,0.0,0.5958904109589042,0.19142494535940868,False
lsamardich.bsky.social,0,1,0.0,0.4603174603174603,0.07095679287929417,False
mat111.bsky.social,0,1,0.0,0.4603174603174603,0.07095679287929417,False
lindavt.bsky.social,0,1,0.0,0.4603174603174603,0.07095679287929417,False
tinamur.bsky.social,0,1,0.0,0.3246268656716418,0.010627307193111543,False
jockd.bsky.social,0,1,0.0,0.4603174603174603,0.07095679287929417,False
mrmartino.bsky.social,0,1,0.0,0.4603174603174603,0.07095679287929417,False
texasgypsi.bsky.social,0,1,0.0,0.4603174603174603,0.07095679287929417,False
thefoodandwinediva.bsky.social,0,1,0.0,0.4603174603174603,0.07095679287929417,False
fictionwriternc.bsky.social,0,1,0.0,0.31868131868131866,0.0074470133033649605,False
preston.camera,0,1,0.0,0.4603174603174603,0.07095679287929417,False
millie29.bsky.social,0,1,0.0,0.3246268656716418,0.010627307193111543,False
rokey.bsky.social,0,1,0.0,0.4603174603174603,0.07095679287929417,False
seasthemoment.bsky.social,0,1,0.0,0.4603174603174603,0.07095679287929417,False
just--bruno.bsky.social,0,1,0.0,0.4603174603174603,0.07095679287929417,False
wayfarerone.bsky.social,0,1,0.0,0.4603174603174603,0.07095679287929417,False
yanygal.bsky.social,0,1,0.0,0.4603174603174603,0.07095679287929417,False
jahsounds.bsky.social,0,1,0.0,0.327683615819209,0.009623613157463365,False
cheers464646.bsky.social,0,1,0.0,0.4603174603174603,0.07095679287929417,False
jennie-ess.bsky.social,0,1,0.0,0.4603174603174603,0.07095679287929417,False
ehs06702.blacksky.app,0,1,0.0,0.40465116279069774,0.028095887661987888,False
mariaaragon64.bsky.social,0,1,0.0,0.4603174603174603,0.07095679287929417,False
stevebrycegames.bsky.social,0,1,0.0,0.4603174603174603,0.07095679287929417,False
spritedear.bsky.social,0,1,0.0,0.327683615819209,0.009623613157463365,False
commanda4.bsky.social,0,1,0.0,0.4603174603174603,0.07095679287929417,False
cate-evans4.bsky.social,0,1,0.0,0.3832599118942731,0.021415471938832482,False
thecreweofthefancy.bsky.social,0,1,0.0,0.4603174603174603,0.07095679287929417,False
quiltbunny.bsky.social,0,1,0.0,0.4603174603174603,0.07095679287929417,False
gaffa.bsky.social,0,2,0.00013365410318096765,0.32543640897755616,0.020535347746426024,False
tofuhama.bsky.social,0,1,0.0,0.4603174603174603,0.07095679287929417,False
charcharjo6.bsky.social,0,1,0.0,0.4603174603174603,0.07095679287929417,False
microveldt.bsky.social,0,1,0.0,0.4603174603174603,0.07095679287929417,False
sfannie53.bsky.social,0,1,0.0,0.4603174603174603,0.07095679287929417,False
thecalebrogers.bsky.social,0,1,0.0,0.4603174603174603,0.07095679287929417,False
hartleysiddenj.bsky.social,0,1,0.0,0.2820097244732577,0.002354662605109161,False
